{
  "clearInfo": {
    "clearUrl": "api/clear.json"
  },
  "homeInfo": {
    "title": "首页",
    "icon": "fa fa-home",
    "href": "/AdminMain/Default"
  },
  "logoInfo": {
    "title": "管理系统",
    "image": "/Content/lay/images/logo.png",
    "href": ""
  },
  "menuInfo": {
    "currency": {
      "title": "系统管理",
      "icon": "fa fa-gears",
      "child": [

        {
          "title": "账套管理",
          "href": "/Role/RoleIndex",
          "icon": "fa fa-list-ol",
          "target": "_self"
        },
        {
          "title": "基础设置",
          "href": "/BaseInfo/Index",
          "icon": "fa fa-sitemap",
          "target": "_self"
        }
   
      ]
    }

  }
}