{
  "clearInfo": {
    "clearUrl": "api/clear.json"
  },
  "homeInfo": {
    "title": "首页",
    "icon": "fa fa-home",
    "href": "/Main/Default"
  },
  "logoInfo": {
    "title": "管理系统",
    "image": "/Content/lay/images/logo.png",
    "href": ""
  },
  "menuInfo": {
    "currency": {
      "title": "系统管理",
      "icon": "fa fa-gears",
      "child": [

        {
          "title": "模块管理",
          "href": "/Role/RoleIndex",
          "icon": "fa fa-list-ol",
          "target": "_self"
        },
        {
          "title": "权限设置",
          "href": "page/setting.html",
          "icon": "fa fa-sitemap",
          "target": "_self"
        },
        {
          "title": "消息提醒",
          "href": "page/table.html",
          "icon": "fa fa-file-text",
          "target": "_self"
        },
        {
          "title": "打印设置",
          "href": "",
          "icon": "fa fa-print",
          "target": "_self",
          "child": [
            {
              "title": "普通表单",
              "href": "page/form.html",
              "icon": "fa fa-list-alt",
              "target": "_self"
            },
            {
              "title": "分步表单",
              "href": "page/form-step.html",
              "icon": "fa fa-navicon",
              "target": "_self"
            }
          ]
        },
        {
          "title": "登录模板",
          "href": "",
          "icon": "fa fa-flag-o",
          "target": "_self",
          "child": [
            {
              "title": "登录-1",
              "href": "page/login-1.html",
              "icon": "fa fa-stumbleupon-circle",
              "target": "_blank"
            },
            {
              "title": "登录-2",
              "href": "page/login-2.html",
              "icon": "fa fa-viacoin",
              "target": "_blank"
            }
          ]
        },
        {
          "title": "异常页面",
          "href": "",
          "icon": "fa fa-home",
          "target": "_self",
          "child": [
            {
              "title": "404页面",
              "href": "page/404.html",
              "icon": "fa fa-hourglass-end",
              "target": "_self"
            }
          ]
        },
        {
          "title": "其它界面",
          "href": "",
          "icon": "fa fa-snowflake-o",
          "target": "",
          "child": [
            {
              "title": "按钮示例",
              "href": "page/button.html",
              "icon": "fa fa-snowflake-o",
              "target": "_self"
            },
            {
              "title": "弹出层",
              "href": "page/layer.html",
              "icon": "fa fa-shield",
              "target": "_self"
            }
          ]
        }
      ]
    },
    "component": {
      "title": "基础档案",
      "icon": "fa fa-newspaper-o",
      "child": [
        {
          "title": "图标列表",
          "href": "page/icon.html",
          "icon": "fa fa-dot-circle-o",
          "target": "_self"
        },
        {
          "title": "图标选择",
          "href": "page/icon-picker.html",
          "icon": "fa fa-adn",
          "target": "_self"
        },
        {
          "title": "颜色选择",
          "href": "page/color-select.html",
          "icon": "fa fa-dashboard",
          "target": "_self"
        },
        {
          "title": "下拉选择",
          "href": "page/table-select.html",
          "icon": "fa fa-angle-double-down",
          "target": "_self"
        },
        {
          "title": "文件上传",
          "href": "page/upload.html",
          "icon": "fa fa-arrow-up",
          "target": "_self"
        },
        {
          "title": "富文本编辑器",
          "href": "page/editor.html",
          "icon": "fa fa-edit",
          "target": "_self"
        }
      ]
    },
    "other": {
      "title": "采购管理",
      "icon": "fa fa-shopping-cart",
      "child": [
        {
          "title": "多级菜单",
          "href": "",
          "icon": "fa fa-meetup",
          "target": "",
          "child": [
            {
              "title": "按钮1",
              "href": "page/button.html",
              "icon": "fa fa-calendar",
              "target": "_self",
              "child": [
                {
                  "title": "按钮2",
                  "href": "page/button.html",
                  "icon": "fa fa-snowflake-o",
                  "target": "_self",
                  "child": [
                    {
                      "title": "按钮3",
                      "href": "page/button.html",
                      "icon": "fa fa-snowflake-o",
                      "target": "_self"
                    },
                    {
                      "title": "表单4",
                      "href": "page/form.html",
                      "icon": "fa fa-calendar",
                      "target": "_self"
                    }
                  ]
                }
              ]
            }
          ]
        },
        {
          "title": "失效菜单",
          "href": "page/error.html",
          "icon": "fa fa-superpowers",
          "target": "_self"
        }
      ]
    },
	"other1": {
      "title": "销售管理",
      "icon": "fa fa-sellsy",
      "child": [
        {
          "title": "销售订单",
          "href": "page/error.html",
          "icon": "fa fa-superpowers",
          "target": "_self"
        },
		{
          "title": "发货通知单",
          "href": "page/error.html",
          "icon": "fa fa-superpowers",
          "target": "_self"
        },
		{
          "title": "销售出库单",
          "href": "page/error.html",
          "icon": "fa fa-superpowers",
          "target": "_self"
        }
      ]
    },
	"other2": {
      "title": "仓库管理",
      "icon": "fa fa-trello",
      "child": [
        {
          "title": "其他出库单",
          "href": "page/error.html",
          "icon": "fa fa-superpowers",
          "target": "_self"
        },
		{
          "title": "其他入库单",
          "href": "page/error.html",
          "icon": "fa fa-superpowers",
          "target": "_self"
        },
		{
          "title": "材料领料单",
          "href": "page/error.html",
          "icon": "fa fa-superpowers",
          "target": "_self"
        },
		{
          "title": "产品入库单",
          "href": "page/error.html",
          "icon": "fa fa-superpowers",
          "target": "_self"
        },
		{
          "title": "调拨单",
          "href": "page/error.html",
          "icon": "fa fa-superpowers",
          "target": "_self"
        }
      ]
    }
  }
}